<application>
  <component name="MaterialThemeConfig">
    <option name="allowDataCollection" value="true" />
    <option name="isContrastMode" value="true" />
    <option name="isWizardShown" value="true" />
    <option name="pristineConfig" value="false" />
    <option name="tabFontSizeEnabled" value="true" />
    <option name="tabFontSize" value="16" />
    <option name="accentColor" value="009688" />
    <option name="userId" value="99b3fbf:171cfb0ed7a:-8000" />
    <option name="version" value="4.11.5" />
  </component>
</application>